"","key","b:(Intercept)","c:(Intercept)","d:(Intercept)","e:(Intercept)"
"1","low",1.71528384218563,38.5701111463494,74.6052971278021,18.1167813918132
"2","high",0.762384253014926,16.0700200448786,510.586360814176,2.20283158793494
