,mpd10,mpd50,mpd100,mpd200,mpd1000
Low,253.843843421419,277.13429383414024,281.5363917784159,283.0994480789183,285.475108928312
High,258.48131537255085,279.38143016585974,283.1468772215841,284.2360799210817,285.95119107168796
Mean,256.16257939698494,278.257862,282.3416345,283.667764,285.71315
