,mpd10,mpd50,mpd100,mpd200,mpd1000
Low,225.06232,263.9226,270.7961,275.74994250000003,282.39448250000004
High,295.79903999999993,297.149475,293.874435,290.7335875,289.03988
Mean,256.16257939698494,278.257862,282.3416345,283.667764,285.71315
