"","key","b:(Intercept)","c:(Intercept)","d:(Intercept)","e:(Intercept)"
"1","low",-10.8776929087772,-0.212929529408341,0.171488126916415,1.82874283558218
"2","high",0.885979062484324,-0.0210344552744057,10.0896325183075,0.451062252621157
