,mpd5,mpd10,mpd15,mpd20,mpd25,mpd30,mpd35,mpd40,mpd45,mpd50,mpd55,mpd60,mpd65,mpd70,mpd75,mpd80,mpd85,mpd90,mpd95,mpd100,mpd105,mpd110,mpd115,mpd120,mpd125,mpd130,mpd135,mpd140,mpd145,mpd150,mpd155,mpd160,mpd165,mpd170,mpd175,mpd180,mpd185
Low,43.173248925,66.05774289722225,75.14033065714285,79.43964674815793,80.36864082299996,82.0685349970115,83.11581711957986,86.25786975108977,85.82726694378786,86.30368001746935,86.80364929690234,87.16593378238701,88.81768307588945,89.4261815991925,88.90954852972972,89.7139940953165,90.4427033515546,90.49661267762174,90.3873440688802,91.18997716641412,91.46722112613553,91.20804747763971,91.49694701903884,92.11274776160363,92.22799177217414,92.72791854827669,92.85362906393583,92.92378073168035,93.56813686037835,93.86844307627744,94.03840231847084,94.2942431879108,94.46984709913897,94.6762571216324,95.12353176211492,95.43583916871815,96.03966932113102
High,123.24805740999999,114.55741064722255,111.51600902095262,109.51580594592095,108.43438498066666,107.4116563851722,106.09447892949554,106.17025886522462,105.73296533065677,104.75127856116328,104.16835075740696,103.95366762721727,103.41894231769267,103.52429783957535,102.656390084991,102.66152195675637,101.99978790822117,102.05741598787728,101.68419023655107,101.26054896108126,101.05574594359882,101.28822836250166,100.75717001004543,100.83638579663908,100.0743524401483,99.93343631392965,99.67100352049754,99.56375803544964,99.34307192976054,99.31648576588819,98.85912893778804,98.80768248658808,98.33019278450115,98.15498985629654,97.85886061639407,97.61587941292989,97.00717485702405
Mean,96.5695919964,96.4228851732889,96.48880440548572,96.65989607554737,96.67780931167336,96.48139337045058,96.53626683790252,96.72560926149102,96.43254135811515,96.47276672412082,96.40397923304242,96.4416942579339,96.61644501159616,96.80252628926998,96.43536010416145,96.61392053564717,96.50548938689019,96.60927875345917,96.42595101225754,96.50764563421798,96.47849399071062,96.45467617962169,96.56214331416507,96.51599622864524,96.52366861480283,96.53262012209397,96.39806107105782,96.50236999684677,96.53910381350593,96.56371107528027,96.52369304690087,96.58981570604773,96.46398508859706,96.49230175778537,96.5355210281935,96.54069120372284,96.55224283608767
