,mntd5,mntd10,mntd15,mntd20,mntd25,mntd30,mntd35,mntd40,mntd45,mntd50,mntd55,mntd60,mntd65,mntd70,mntd75,mntd80,mntd85,mntd90,mntd95,mntd100,mntd105,mntd110,mntd115,mntd120,mntd125,mntd130,mntd135,mntd140,mntd145,mntd150,mntd155,mntd160,mntd165,mntd170,mntd175,mntd180,mntd185
Low,27.17527512,28.566285342500002,27.781652158333333,26.2472693575,24.789104928,22.846631873333333,22.0112245007143,20.327122754374997,19.337434282222198,18.3301019545,18.062800144999965,17.0750823404167,16.962831926923098,16.512025998928557,15.957452738666635,15.699767536875001,15.318860103529412,15.064418273888878,14.500043345263178,14.498940448499999,14.127602426666673,14.10339454022729,13.654640532391342,13.573806188333366,13.3834434154,13.205063946923122,13.119133638703747,13.048991161428612,12.898106584827554,12.7955205848333,12.731783831451624,12.685996261249999,12.536933411212164,12.589611356470604,12.49890367742853,12.524549246388856,12.588250279864894
High,118.07351901499999,79.127676705,64.35502641833335,55.90318844499999,47.93235179,42.12085059749997,37.91154151428575,34.101816440625,31.690400298333376,29.1237337025,27.337967186818137,25.599187034583363,24.2685231019231,23.3759433992857,22.613736499333363,21.535618036874997,20.75329204352946,20.083034255277813,19.218186832894723,18.600320553,18.235691894761903,17.659638635681777,17.293115388260894,16.849803121458297,16.507895771799998,16.10084378403843,15.851221681111147,15.473363453214256,15.227443653103421,14.9396347383333,14.576706033064491,14.348155300312499,14.1032810251515,13.838331196323539,13.6422741162857,13.382989465277786,13.06220510702701
Mean,68.12345000159999,53.858080784900004,46.1305917734,40.35968242215,35.733229231879996,32.214628985866675,29.729896824971423,27.248311596350003,25.507618207666667,23.90118823708,22.626219978636364,21.407444491866663,20.57402679096923,19.821161856157143,19.12408801442667,18.4818415564,17.946946403129413,17.365576347444446,16.89541120172632,16.53021990692,16.148016879085716,15.815097783909092,15.491013933008693,15.204248313516667,14.937673340856,14.71416731513846,14.499771500044444,14.27474459612857,14.084396589544827,13.868028759113335,13.698607182109678,13.5451449570625,13.39065081807879,13.246176336323531,13.100047589959999,12.965400735794447,12.843990351156757
