,mntd4,mntd6,mntd8,mntd10,mntd12,mntd14,mntd16,mntd18,mntd20,mntd22,mntd24,mntd26,mntd28
Low,60.81166,68.81739914166664,67.14162191874999,65.87897729000001,67.3070961125,61.716767146428516,60.332351446875,62.9408144416667,58.62743684,59.74644489772732,59.39733378541666,59.36940223076927,60.76285000892861
High,194.822724,171.09841875833328,147.20260375,130.6743755,119.471320170833,109.72143209999972,102.9436226625,96.11804495,90.9365556125,85.85815111363632,81.07545395624997,76.78844640384612,71.2316768571429
Mean,139.3261085715,122.87372919533333,109.15348323650001,99.5893912704,93.16362655633333,88.04606646785713,83.39573762725,79.63688953755555,76.7408971575,73.0458235839091,70.19278750491667,67.89242905123076,65.18368529614284
