"","key","b:(Intercept)","c:(Intercept)","d:(Intercept)","e:(Intercept)"
"1","low",3.00064173364518,20.7618505873669,48.4298665012795,38.0356751349099
"2","high",0.78580918957588,-17.9859895435261,1021.13920486738,2.00587067040175
